run_id,batch_id
run_001,B-2024-001
run_002,B-2024-002
run_003,B-2024-003
run_004,B-2024-004
run_005,B-2024-005
run_006,B-2024-006
run_007,B-2024-007
run_008,B-2024-008
run_009,B-2024-009
run_010,B-2024-010
run_011,B-2024-011
run_012,B-2024-012
run_013,B-2024-013
run_014,B-2024-014
run_015,B-2024-015
run_016,B-2024-016
run_017,B-2024-017
run_018,B-2024-018
run_019,B-2024-019
run_020,B-2024-020
run_021,B-2024-021
run_022,B-2024-022
run_023,B-2024-023
run_024,B-2024-024
run_025,B-2024-025
run_026,B-2024-001
run_027,B-2024-002
run_028,B-2024-003
run_029,B-2024-004
run_030,B-2024-005
run_031,B-2024-006
run_032,B-2024-007
run_033,B-2024-008
run_034,B-2024-009
run_035,B-2024-010
run_036,B-2024-011
run_037,B-2024-012
run_038,B-2024-013
run_039,B-2024-014
run_040,B-2024-015
run_041,B-2024-016
run_042,B-2024-017
run_043,B-2024-018
run_044,B-2024-019
run_045,B-2024-020
run_046,B-2024-021
run_047,B-2024-022
run_048,B-2024-023
run_049,B-2024-024
run_050,B-2024-025
run_051,B-2024-001
run_052,B-2024-002
run_053,B-2024-003
run_054,B-2024-004
run_055,B-2024-005
run_056,B-2024-006
run_057,B-2024-007
run_058,B-2024-008
run_059,B-2024-009
run_060,B-2024-010
run_061,B-2024-011
run_062,B-2024-012
run_063,B-2024-013
run_064,B-2024-014
run_065,B-2024-015
run_066,B-2024-016
run_067,B-2024-017
run_068,B-2024-018
run_069,B-2024-019
run_070,B-2024-020
run_071,B-2024-021
run_072,B-2024-022
run_073,B-2024-023
run_074,B-2024-024
run_075,B-2024-025
run_076,B-2024-001
run_077,B-2024-002
run_078,B-2024-003
run_079,B-2024-004
run_080,B-2024-005
run_081,B-2024-006
run_082,B-2024-007
run_083,B-2024-008
run_084,B-2024-009
run_085,B-2024-010
run_086,B-2024-011
run_087,B-2024-012
run_088,B-2024-013
run_089,B-2024-014
run_090,B-2024-015
run_091,B-2024-016
run_092,B-2024-017
run_093,B-2024-018
run_094,B-2024-019
run_095,B-2024-020
run_096,B-2024-021
run_097,B-2024-022
run_098,B-2024-023
run_099,B-2024-024
run_100,B-2024-025
