slice_id,run_id,operator_id,slice_number,width_mm
slice_00001,run_001,molly,1,3.553
slice_00002,run_001,molly,2,3.824
slice_00003,run_001,molly,3,4.063
slice_00004,run_001,molly,4,4.531
slice_00005,run_001,molly,5,3.615
slice_00006,run_001,molly,6,3.865
slice_00007,run_001,molly,7,4.21
slice_00008,run_001,molly,8,4.095
slice_00009,run_001,molly,9,3.821
slice_00010,run_001,molly,10,3.903
slice_00011,run_001,molly,11,3.484
slice_00012,run_001,molly,12,3.868
slice_00013,run_001,molly,13,3.858
slice_00014,run_001,molly,14,4.026
slice_00015,run_001,molly,15,3.761
slice_00016,run_002,molly,1,4.142
slice_00017,run_002,molly,2,4.252
slice_00018,run_002,molly,3,4.078
slice_00019,run_002,molly,4,4.118
slice_00020,run_002,molly,5,4.058
slice_00021,run_002,molly,6,4.047
slice_00022,run_002,molly,7,3.901
slice_00023,run_002,molly,8,4.111
slice_00024,run_002,molly,9,4.027
slice_00025,run_002,molly,10,4.471
slice_00026,run_002,molly,11,4.366
slice_00027,run_002,molly,12,4.125
slice_00028,run_002,molly,13,3.893
slice_00029,run_002,molly,14,3.822
slice_00030,run_002,molly,15,4.288
slice_00031,run_002,molly,16,4.1
slice_00032,run_002,molly,17,4.144
slice_00033,run_002,molly,18,3.694
slice_00034,run_002,molly,19,4.235
slice_00035,run_003,molly,1,4.136
slice_00036,run_003,molly,2,3.691
slice_00037,run_003,molly,3,3.872
slice_00038,run_003,molly,4,4.081
slice_00039,run_003,molly,5,4.021
slice_00040,run_003,molly,6,3.923
slice_00041,run_003,molly,7,3.977
slice_00042,run_003,molly,8,3.935
slice_00043,run_003,molly,9,4.05
slice_00044,run_003,molly,10,4.425
slice_00045,run_003,molly,11,3.277
slice_00046,run_003,molly,12,3.939
slice_00047,run_003,molly,13,4.057
slice_00048,run_003,molly,14,4.091
slice_00049,run_003,molly,15,3.901
slice_00050,run_003,molly,16,3.507
slice_00051,run_003,molly,17,4.1
slice_00052,run_003,molly,18,4.497
slice_00053,run_004,molly,1,3.604
slice_00054,run_004,molly,2,4.221
slice_00055,run_004,molly,3,3.915
slice_00056,run_004,molly,4,3.983
slice_00057,run_004,molly,5,3.728
slice_00058,run_004,molly,6,3.913
slice_00059,run_004,molly,7,4.334
slice_00060,run_004,molly,8,4.149
slice_00061,run_004,molly,9,4.445
slice_00062,run_004,molly,10,4.302
slice_00063,run_004,molly,11,4.112
slice_00064,run_004,molly,12,4.448
slice_00065,run_004,molly,13,4.112
slice_00066,run_004,molly,14,4.212
slice_00067,run_004,molly,15,3.923
slice_00068,run_004,molly,16,4.016
slice_00069,run_004,molly,17,3.82
slice_00070,run_004,molly,18,4.254
slice_00071,run_004,molly,19,3.696
slice_00072,run_004,molly,20,4.2
slice_00073,run_005,molly,1,3.981
slice_00074,run_005,molly,2,4.394
slice_00075,run_005,molly,3,4.267
slice_00076,run_005,molly,4,4.591
slice_00077,run_005,molly,5,4.261
slice_00078,run_005,molly,6,3.562
slice_00079,run_005,molly,7,4.019
slice_00080,run_005,molly,8,3.683
slice_00081,run_005,molly,9,3.882
slice_00082,run_005,molly,10,4.497
slice_00083,run_005,molly,11,4.232
slice_00084,run_005,molly,12,3.827
slice_00085,run_005,molly,13,3.731
slice_00086,run_005,molly,14,4.049
slice_00087,run_005,molly,15,3.67
slice_00088,run_005,molly,16,3.835
slice_00089,run_005,molly,17,4.134
slice_00090,run_005,molly,18,4.389
slice_00091,run_006,molly,1,4.253
slice_00092,run_006,molly,2,3.315
slice_00093,run_006,molly,3,4.155
slice_00094,run_006,molly,4,4.08
slice_00095,run_006,molly,5,4.19
slice_00096,run_006,molly,6,4.579
slice_00097,run_006,molly,7,3.389
slice_00098,run_006,molly,8,3.865
slice_00099,run_006,molly,9,4.247
slice_00100,run_006,molly,10,3.545
slice_00101,run_006,molly,11,4.534
slice_00102,run_006,molly,12,4.175
slice_00103,run_006,molly,13,4.33
slice_00104,run_006,molly,14,3.872
slice_00105,run_006,molly,15,4.32
slice_00106,run_006,molly,16,4.402
slice_00107,run_006,molly,17,4.132
slice_00108,run_007,molly,1,4.078
slice_00109,run_007,molly,2,4.087
slice_00110,run_007,molly,3,3.801
slice_00111,run_007,molly,4,3.981
slice_00112,run_007,molly,5,3.98
slice_00113,run_007,molly,6,4.115
slice_00114,run_007,molly,7,4.27
slice_00115,run_007,molly,8,3.752
slice_00116,run_007,molly,9,3.987
slice_00117,run_007,molly,10,4.392
slice_00118,run_007,molly,11,3.831
slice_00119,run_007,molly,12,3.811
slice_00120,run_007,molly,13,4.069
slice_00121,run_007,molly,14,4.231
slice_00122,run_007,molly,15,4.021
slice_00123,run_007,molly,16,4.353
slice_00124,run_007,molly,17,4.234
slice_00125,run_008,molly,1,4.294
slice_00126,run_008,molly,2,4.209
slice_00127,run_008,molly,3,4.736
slice_00128,run_008,molly,4,3.983
slice_00129,run_008,molly,5,3.448
slice_00130,run_008,molly,6,4.521
slice_00131,run_008,molly,7,3.908
slice_00132,run_008,molly,8,4.076
slice_00133,run_008,molly,9,4.434
slice_00134,run_008,molly,10,3.567
slice_00135,run_008,molly,11,3.672
slice_00136,run_008,molly,12,3.568
slice_00137,run_008,molly,13,3.808
slice_00138,run_008,molly,14,4.175
slice_00139,run_008,molly,15,4.2
slice_00140,run_008,molly,16,4.126
slice_00141,run_009,molly,1,3.456
slice_00142,run_009,molly,2,3.132
slice_00143,run_009,molly,3,3.986
slice_00144,run_009,molly,4,3.796
slice_00145,run_009,molly,5,4.132
slice_00146,run_009,molly,6,4.219
slice_00147,run_009,molly,7,4.016
slice_00148,run_009,molly,8,4.24
slice_00149,run_009,molly,9,4.049
slice_00150,run_009,molly,10,4.157
slice_00151,run_009,molly,11,3.711
slice_00152,run_009,molly,12,3.901
slice_00153,run_009,molly,13,4.037
slice_00154,run_009,molly,14,4.262
slice_00155,run_009,molly,15,3.824
slice_00156,run_010,molly,1,4.137
slice_00157,run_010,molly,2,3.918
slice_00158,run_010,molly,3,3.96
slice_00159,run_010,molly,4,4.223
slice_00160,run_010,molly,5,3.437
slice_00161,run_010,molly,6,3.631
slice_00162,run_010,molly,7,3.579
slice_00163,run_010,molly,8,3.342
slice_00164,run_010,molly,9,3.803
slice_00165,run_010,molly,10,4.201
slice_00166,run_010,molly,11,3.913
slice_00167,run_010,molly,12,4.047
slice_00168,run_010,molly,13,4.296
slice_00169,run_010,molly,14,4.362
slice_00170,run_010,molly,15,3.973
slice_00171,run_010,molly,16,4.369
slice_00172,run_010,molly,17,4.018
slice_00173,run_010,molly,18,3.759
slice_00174,run_010,molly,19,3.827
slice_00175,run_011,molly,1,3.555
slice_00176,run_011,molly,2,3.744
slice_00177,run_011,molly,3,3.913
slice_00178,run_011,molly,4,4.282
slice_00179,run_011,molly,5,4.574
slice_00180,run_011,molly,6,3.587
slice_00181,run_011,molly,7,4.152
slice_00182,run_011,molly,8,3.695
slice_00183,run_011,molly,9,4.178
slice_00184,run_011,molly,10,3.985
slice_00185,run_011,molly,11,3.444
slice_00186,run_011,molly,12,4.322
slice_00187,run_011,molly,13,3.834
slice_00188,run_011,molly,14,3.857
slice_00189,run_011,molly,15,3.686
slice_00190,run_011,molly,16,3.818
slice_00191,run_011,molly,17,4.163
slice_00192,run_011,molly,18,3.966
slice_00193,run_011,molly,19,4.131
slice_00194,run_012,molly,1,4.137
slice_00195,run_012,molly,2,4.445
slice_00196,run_012,molly,3,3.91
slice_00197,run_012,molly,4,3.546
slice_00198,run_012,molly,5,4.364
slice_00199,run_012,molly,6,3.914
slice_00200,run_012,molly,7,4.379
slice_00201,run_012,molly,8,4.144
slice_00202,run_012,molly,9,3.978
slice_00203,run_012,molly,10,4.133
slice_00204,run_012,molly,11,4.648
slice_00205,run_012,molly,12,4.688
slice_00206,run_012,molly,13,4.043
slice_00207,run_012,molly,14,4.072
slice_00208,run_012,molly,15,4.367
slice_00209,run_012,molly,16,3.749
slice_00210,run_013,molly,1,4.071
slice_00211,run_013,molly,2,3.973
slice_00212,run_013,molly,3,4.066
slice_00213,run_013,molly,4,3.751
slice_00214,run_013,molly,5,3.544
slice_00215,run_013,molly,6,3.411
slice_00216,run_013,molly,7,3.673
slice_00217,run_013,molly,8,3.854
slice_00218,run_013,molly,9,3.899
slice_00219,run_013,molly,10,4.511
slice_00220,run_013,molly,11,4.283
slice_00221,run_013,molly,12,3.716
slice_00222,run_013,molly,13,4.075
slice_00223,run_013,molly,14,3.868
slice_00224,run_013,molly,15,3.902
slice_00225,run_013,molly,16,4.031
slice_00226,run_013,molly,17,4.15
slice_00227,run_013,molly,18,3.887
slice_00228,run_013,molly,19,4.272
slice_00229,run_013,molly,20,3.666
slice_00230,run_014,molly,1,3.961
slice_00231,run_014,molly,2,4.819
slice_00232,run_014,molly,3,4.033
slice_00233,run_014,molly,4,4.433
slice_00234,run_014,molly,5,3.99
slice_00235,run_014,molly,6,4.151
slice_00236,run_014,molly,7,3.941
slice_00237,run_014,molly,8,3.903
slice_00238,run_014,molly,9,3.701
slice_00239,run_014,molly,10,4.102
slice_00240,run_014,molly,11,3.678
slice_00241,run_014,molly,12,4.179
slice_00242,run_014,molly,13,4.318
slice_00243,run_014,molly,14,4.081
slice_00244,run_014,molly,15,3.865
slice_00245,run_014,molly,16,4.109
slice_00246,run_014,molly,17,3.857
slice_00247,run_014,molly,18,4.269
slice_00248,run_014,molly,19,3.353
slice_00249,run_015,molly,1,3.908
slice_00250,run_015,molly,2,3.481
slice_00251,run_015,molly,3,3.609
slice_00252,run_015,molly,4,4.346
slice_00253,run_015,molly,5,4.225
slice_00254,run_015,molly,6,3.809
slice_00255,run_015,molly,7,3.607
slice_00256,run_015,molly,8,3.229
slice_00257,run_015,molly,9,3.854
slice_00258,run_015,molly,10,4.619
slice_00259,run_015,molly,11,4.106
slice_00260,run_015,molly,12,3.85
slice_00261,run_015,molly,13,4.114
slice_00262,run_015,molly,14,3.592
slice_00263,run_015,molly,15,3.918
slice_00264,run_015,molly,16,4.02
slice_00265,run_015,molly,17,3.972
slice_00266,run_015,molly,18,4.198
slice_00267,run_015,molly,19,4.083
slice_00268,run_016,molly,1,4.181
slice_00269,run_016,molly,2,3.73
slice_00270,run_016,molly,3,4.257
slice_00271,run_016,molly,4,4.5
slice_00272,run_016,molly,5,3.636
slice_00273,run_016,molly,6,3.664
slice_00274,run_016,molly,7,4.403
slice_00275,run_016,molly,8,3.895
slice_00276,run_016,molly,9,4.426
slice_00277,run_016,molly,10,3.812
slice_00278,run_016,molly,11,4.443
slice_00279,run_016,molly,12,4.002
slice_00280,run_016,molly,13,4.045
slice_00281,run_016,molly,14,4.479
slice_00282,run_016,molly,15,3.838
slice_00283,run_016,molly,16,3.646
slice_00284,run_017,molly,1,3.908
slice_00285,run_017,molly,2,4.148
slice_00286,run_017,molly,3,3.61
slice_00287,run_017,molly,4,4.197
slice_00288,run_017,molly,5,3.883
slice_00289,run_017,molly,6,4.333
slice_00290,run_017,molly,7,3.389
slice_00291,run_017,molly,8,3.817
slice_00292,run_017,molly,9,3.577
slice_00293,run_017,molly,10,3.807
slice_00294,run_017,molly,11,4.093
slice_00295,run_017,molly,12,3.979
slice_00296,run_017,molly,13,3.96
slice_00297,run_017,molly,14,3.985
slice_00298,run_017,molly,15,4.081
slice_00299,run_017,molly,16,3.758
slice_00300,run_017,molly,17,4.216
slice_00301,run_017,molly,18,4.204
slice_00302,run_017,molly,19,4.13
slice_00303,run_017,molly,20,4.176
slice_00304,run_018,molly,1,4.102
slice_00305,run_018,molly,2,4.634
slice_00306,run_018,molly,3,3.985
slice_00307,run_018,molly,4,3.918
slice_00308,run_018,molly,5,3.781
slice_00309,run_018,molly,6,3.696
slice_00310,run_018,molly,7,3.631
slice_00311,run_018,molly,8,3.74
slice_00312,run_018,molly,9,3.99
slice_00313,run_018,molly,10,4.114
slice_00314,run_018,molly,11,4.027
slice_00315,run_018,molly,12,3.777
slice_00316,run_018,molly,13,4.287
slice_00317,run_018,molly,14,4.238
slice_00318,run_018,molly,15,3.963
slice_00319,run_018,molly,16,3.812
slice_00320,run_018,molly,17,4.179
slice_00321,run_019,molly,1,4.102
slice_00322,run_019,molly,2,3.593
slice_00323,run_019,molly,3,4.022
slice_00324,run_019,molly,4,4.125
slice_00325,run_019,molly,5,3.764
slice_00326,run_019,molly,6,4.103
slice_00327,run_019,molly,7,3.591
slice_00328,run_019,molly,8,4.459
slice_00329,run_019,molly,9,4.432
slice_00330,run_019,molly,10,3.965
slice_00331,run_019,molly,11,4.157
slice_00332,run_019,molly,12,3.294
slice_00333,run_019,molly,13,3.684
slice_00334,run_019,molly,14,3.952
slice_00335,run_019,molly,15,3.71
slice_00336,run_019,molly,16,4.266
slice_00337,run_019,molly,17,4.665
slice_00338,run_019,molly,18,3.677
slice_00339,run_019,molly,19,3.783
slice_00340,run_019,molly,20,4.117
slice_00341,run_020,molly,1,4.523
slice_00342,run_020,molly,2,3.663
slice_00343,run_020,molly,3,4.109
slice_00344,run_020,molly,4,4.586
slice_00345,run_020,molly,5,3.533
slice_00346,run_020,molly,6,3.645
slice_00347,run_020,molly,7,3.905
slice_00348,run_020,molly,8,3.876
slice_00349,run_020,molly,9,4.28
slice_00350,run_020,molly,10,4.107
slice_00351,run_020,molly,11,3.495
slice_00352,run_020,molly,12,4.19
slice_00353,run_020,molly,13,3.859
slice_00354,run_020,molly,14,4.421
slice_00355,run_020,molly,15,3.844
slice_00356,run_020,molly,16,3.841
slice_00357,run_021,molly,1,4.154
slice_00358,run_021,molly,2,4.205
slice_00359,run_021,molly,3,4.133
slice_00360,run_021,molly,4,3.649
slice_00361,run_021,molly,5,4.154
slice_00362,run_021,molly,6,3.797
slice_00363,run_021,molly,7,4.085
slice_00364,run_021,molly,8,3.708
slice_00365,run_021,molly,9,4.133
slice_00366,run_021,molly,10,3.848
slice_00367,run_021,molly,11,3.74
slice_00368,run_021,molly,12,4.194
slice_00369,run_021,molly,13,4.086
slice_00370,run_021,molly,14,3.892
slice_00371,run_021,molly,15,4.361
slice_00372,run_021,molly,16,3.931
slice_00373,run_021,molly,17,4.039
slice_00374,run_021,molly,18,4.093
slice_00375,run_021,molly,19,3.891
slice_00376,run_022,molly,1,4.114
slice_00377,run_022,molly,2,3.837
slice_00378,run_022,molly,3,3.87
slice_00379,run_022,molly,4,4.361
slice_00380,run_022,molly,5,3.696
slice_00381,run_022,molly,6,3.317
slice_00382,run_022,molly,7,4.429
slice_00383,run_022,molly,8,4.689
slice_00384,run_022,molly,9,3.872
slice_00385,run_022,molly,10,3.449
slice_00386,run_022,molly,11,3.898
slice_00387,run_022,molly,12,3.905
slice_00388,run_022,molly,13,3.932
slice_00389,run_022,molly,14,3.676
slice_00390,run_022,molly,15,4.144
slice_00391,run_022,molly,16,4.129
slice_00392,run_022,molly,17,3.571
slice_00393,run_022,molly,18,4.177
slice_00394,run_022,molly,19,4.552
slice_00395,run_023,molly,1,4.051
slice_00396,run_023,molly,2,3.86
slice_00397,run_023,molly,3,3.933
slice_00398,run_023,molly,4,4.217
slice_00399,run_023,molly,5,3.338
slice_00400,run_023,molly,6,4.048
slice_00401,run_023,molly,7,3.84
slice_00402,run_023,molly,8,4.679
slice_00403,run_023,molly,9,3.921
slice_00404,run_023,molly,10,4.611
slice_00405,run_023,molly,11,3.573
slice_00406,run_023,molly,12,4.206
slice_00407,run_023,molly,13,4.106
slice_00408,run_023,molly,14,3.661
slice_00409,run_023,molly,15,4.053
slice_00410,run_023,molly,16,4.441
slice_00411,run_023,molly,17,3.865
slice_00412,run_023,molly,18,3.352
slice_00413,run_024,molly,1,3.951
slice_00414,run_024,molly,2,3.642
slice_00415,run_024,molly,3,3.837
slice_00416,run_024,molly,4,3.928
slice_00417,run_024,molly,5,3.362
slice_00418,run_024,molly,6,3.394
slice_00419,run_024,molly,7,4.125
slice_00420,run_024,molly,8,3.775
slice_00421,run_024,molly,9,3.063
slice_00422,run_024,molly,10,4.23
slice_00423,run_024,molly,11,4.052
slice_00424,run_024,molly,12,3.708
slice_00425,run_024,molly,13,3.498
slice_00426,run_024,molly,14,4.248
slice_00427,run_024,molly,15,4.078
slice_00428,run_024,molly,16,4.787
slice_00429,run_024,molly,17,4.103
slice_00430,run_024,molly,18,4.092
slice_00431,run_025,molly,1,3.932
slice_00432,run_025,molly,2,4.235
slice_00433,run_025,molly,3,4.176
slice_00434,run_025,molly,4,4.369
slice_00435,run_025,molly,5,3.823
slice_00436,run_025,molly,6,3.849
slice_00437,run_025,molly,7,3.836
slice_00438,run_025,molly,8,4.227
slice_00439,run_025,molly,9,4.445
slice_00440,run_025,molly,10,3.842
slice_00441,run_025,molly,11,3.852
slice_00442,run_025,molly,12,4.08
slice_00443,run_025,molly,13,3.908
slice_00444,run_025,molly,14,4.277
slice_00445,run_025,molly,15,3.289
slice_00446,run_025,molly,16,3.729
slice_00447,run_025,molly,17,3.742
slice_00448,run_025,molly,18,3.268
slice_00449,run_025,molly,19,3.686
slice_00450,run_025,molly,20,3.701
slice_00451,run_026,georgia,1,3.887
slice_00452,run_026,georgia,2,4.816
slice_00453,run_026,georgia,3,3.856
slice_00454,run_026,georgia,4,3.301
slice_00455,run_026,georgia,5,3.989
slice_00456,run_026,georgia,6,4.771
slice_00457,run_026,georgia,7,3.339
slice_00458,run_026,georgia,8,3.386
slice_00459,run_026,georgia,9,4.424
slice_00460,run_026,georgia,10,3.873
slice_00461,run_026,georgia,11,4.487
slice_00462,run_026,georgia,12,4.02
slice_00463,run_026,georgia,13,4.525
slice_00464,run_026,georgia,14,3.298
slice_00465,run_026,georgia,15,4.021
slice_00466,run_026,georgia,16,3.88
slice_00467,run_026,georgia,17,3.17
slice_00468,run_026,georgia,18,2.924
slice_00469,run_027,georgia,1,4.403
slice_00470,run_027,georgia,2,3.767
slice_00471,run_027,georgia,3,3.356
slice_00472,run_027,georgia,4,3.924
slice_00473,run_027,georgia,5,4.674
slice_00474,run_027,georgia,6,2.584
slice_00475,run_027,georgia,7,3.065
slice_00476,run_027,georgia,8,3.417
slice_00477,run_027,georgia,9,4.878
slice_00478,run_027,georgia,10,4.156
slice_00479,run_027,georgia,11,4.453
slice_00480,run_027,georgia,12,3.284
slice_00481,run_027,georgia,13,3.296
slice_00482,run_027,georgia,14,4.257
slice_00483,run_027,georgia,15,4.018
slice_00484,run_027,georgia,16,4.319
slice_00485,run_027,georgia,17,3.868
slice_00486,run_027,georgia,18,4.153
slice_00487,run_027,georgia,19,4.079
slice_00488,run_028,georgia,1,4.537
slice_00489,run_028,georgia,2,4.555
slice_00490,run_028,georgia,3,3.015
slice_00491,run_028,georgia,4,2.617
slice_00492,run_028,georgia,5,4.679
slice_00493,run_028,georgia,6,4.797
slice_00494,run_028,georgia,7,3.395
slice_00495,run_028,georgia,8,2.862
slice_00496,run_028,georgia,9,4.106
slice_00497,run_028,georgia,10,4.634
slice_00498,run_028,georgia,11,5.184
slice_00499,run_028,georgia,12,4.371
slice_00500,run_028,georgia,13,3.807
slice_00501,run_028,georgia,14,3.476
slice_00502,run_028,georgia,15,4.05
slice_00503,run_028,georgia,16,3.853
slice_00504,run_029,georgia,1,3.358
slice_00505,run_029,georgia,2,5.124
slice_00506,run_029,georgia,3,4.972
slice_00507,run_029,georgia,4,4.598
slice_00508,run_029,georgia,5,3.413
slice_00509,run_029,georgia,6,4.436
slice_00510,run_029,georgia,7,4.312
slice_00511,run_029,georgia,8,4.198
slice_00512,run_029,georgia,9,4.664
slice_00513,run_029,georgia,10,4.31
slice_00514,run_029,georgia,11,4.37
slice_00515,run_029,georgia,12,4.31
slice_00516,run_029,georgia,13,4.14
slice_00517,run_029,georgia,14,2.915
slice_00518,run_029,georgia,15,3.992
slice_00519,run_029,georgia,16,3.623
slice_00520,run_029,georgia,17,3.206
slice_00521,run_029,georgia,18,4.913
slice_00522,run_029,georgia,19,4.94
slice_00523,run_029,georgia,20,4.727
slice_00524,run_030,georgia,1,4.194
slice_00525,run_030,georgia,2,4.918
slice_00526,run_030,georgia,3,4.033
slice_00527,run_030,georgia,4,4.159
slice_00528,run_030,georgia,5,3.302
slice_00529,run_030,georgia,6,4.287
slice_00530,run_030,georgia,7,4.065
slice_00531,run_030,georgia,8,3.163
slice_00532,run_030,georgia,9,3.991
slice_00533,run_030,georgia,10,3.972
slice_00534,run_030,georgia,11,5.214
slice_00535,run_030,georgia,12,4.616
slice_00536,run_030,georgia,13,4.032
slice_00537,run_030,georgia,14,4.189
slice_00538,run_030,georgia,15,4.054
slice_00539,run_030,georgia,16,3.891
slice_00540,run_030,georgia,17,3.309
slice_00541,run_030,georgia,18,3.925
slice_00542,run_030,georgia,19,3.531
slice_00543,run_030,georgia,20,3.198
slice_00544,run_031,georgia,1,4.317
slice_00545,run_031,georgia,2,4.238
slice_00546,run_031,georgia,3,2.795
slice_00547,run_031,georgia,4,3.897
slice_00548,run_031,georgia,5,4.638
slice_00549,run_031,georgia,6,4.681
slice_00550,run_031,georgia,7,4.658
slice_00551,run_031,georgia,8,4.004
slice_00552,run_031,georgia,9,3.419
slice_00553,run_031,georgia,10,3.26
slice_00554,run_031,georgia,11,4.207
slice_00555,run_031,georgia,12,4.23
slice_00556,run_031,georgia,13,4.832
slice_00557,run_031,georgia,14,4.708
slice_00558,run_031,georgia,15,3.891
slice_00559,run_031,georgia,16,3.154
slice_00560,run_031,georgia,17,3.767
slice_00561,run_032,georgia,1,4.167
slice_00562,run_032,georgia,2,3.905
slice_00563,run_032,georgia,3,3.67
slice_00564,run_032,georgia,4,4.189
slice_00565,run_032,georgia,5,3.716
slice_00566,run_032,georgia,6,3.639
slice_00567,run_032,georgia,7,4.226
slice_00568,run_032,georgia,8,3.78
slice_00569,run_032,georgia,9,4.184
slice_00570,run_032,georgia,10,4.202
slice_00571,run_032,georgia,11,3.319
slice_00572,run_032,georgia,12,3.73
slice_00573,run_032,georgia,13,4.93
slice_00574,run_032,georgia,14,3.305
slice_00575,run_032,georgia,15,2.708
slice_00576,run_032,georgia,16,2.867
slice_00577,run_032,georgia,17,4.049
slice_00578,run_032,georgia,18,4.051
slice_00579,run_033,georgia,1,3.894
slice_00580,run_033,georgia,2,4.721
slice_00581,run_033,georgia,3,2.307
slice_00582,run_033,georgia,4,4.213
slice_00583,run_033,georgia,5,4.936
slice_00584,run_033,georgia,6,3.267
slice_00585,run_033,georgia,7,3.731
slice_00586,run_033,georgia,8,3.499
slice_00587,run_033,georgia,9,3.412
slice_00588,run_033,georgia,10,3.764
slice_00589,run_033,georgia,11,4.853
slice_00590,run_033,georgia,12,5.108
slice_00591,run_033,georgia,13,3.758
slice_00592,run_033,georgia,14,5.15
slice_00593,run_033,georgia,15,3.989
slice_00594,run_033,georgia,16,5.056
slice_00595,run_033,georgia,17,3.909
slice_00596,run_034,georgia,1,4.054
slice_00597,run_034,georgia,2,4.184
slice_00598,run_034,georgia,3,5.743
slice_00599,run_034,georgia,4,4.453
slice_00600,run_034,georgia,5,3.589
slice_00601,run_034,georgia,6,4.518
slice_00602,run_034,georgia,7,3.78
slice_00603,run_034,georgia,8,3.709
slice_00604,run_034,georgia,9,4.485
slice_00605,run_034,georgia,10,3.998
slice_00606,run_034,georgia,11,4.135
slice_00607,run_034,georgia,12,3.989
slice_00608,run_034,georgia,13,4.167
slice_00609,run_034,georgia,14,4.216
slice_00610,run_034,georgia,15,2.907
slice_00611,run_034,georgia,16,4.35
slice_00612,run_034,georgia,17,3.437
slice_00613,run_034,georgia,18,3.181
slice_00614,run_034,georgia,19,3.949
slice_00615,run_035,georgia,1,4.031
slice_00616,run_035,georgia,2,3.525
slice_00617,run_035,georgia,3,4.518
slice_00618,run_035,georgia,4,3.103
slice_00619,run_035,georgia,5,3.712
slice_00620,run_035,georgia,6,3.596
slice_00621,run_035,georgia,7,3.946
slice_00622,run_035,georgia,8,4.158
slice_00623,run_035,georgia,9,3.32
slice_00624,run_035,georgia,10,4.448
slice_00625,run_035,georgia,11,4.018
slice_00626,run_035,georgia,12,2.745
slice_00627,run_035,georgia,13,2.701
slice_00628,run_035,georgia,14,3.969
slice_00629,run_035,georgia,15,3.833
slice_00630,run_035,georgia,16,3.909
slice_00631,run_035,georgia,17,3.958
slice_00632,run_035,georgia,18,4.123
slice_00633,run_035,georgia,19,4.593
slice_00634,run_036,georgia,1,3.262
slice_00635,run_036,georgia,2,3.22
slice_00636,run_036,georgia,3,3.274
slice_00637,run_036,georgia,4,4.222
slice_00638,run_036,georgia,5,4.878
slice_00639,run_036,georgia,6,3.728
slice_00640,run_036,georgia,7,2.309
slice_00641,run_036,georgia,8,2.856
slice_00642,run_036,georgia,9,3.453
slice_00643,run_036,georgia,10,3.642
slice_00644,run_036,georgia,11,3.744
slice_00645,run_036,georgia,12,4.05
slice_00646,run_036,georgia,13,3.81
slice_00647,run_036,georgia,14,4.744
slice_00648,run_036,georgia,15,3.56
slice_00649,run_036,georgia,16,3.433
slice_00650,run_036,georgia,17,4.352
slice_00651,run_037,georgia,1,3.049
slice_00652,run_037,georgia,2,4.235
slice_00653,run_037,georgia,3,4.058
slice_00654,run_037,georgia,4,3.904
slice_00655,run_037,georgia,5,4.974
slice_00656,run_037,georgia,6,3.612
slice_00657,run_037,georgia,7,5.264
slice_00658,run_037,georgia,8,3.856
slice_00659,run_037,georgia,9,3.208
slice_00660,run_037,georgia,10,4.038
slice_00661,run_037,georgia,11,3.332
slice_00662,run_037,georgia,12,3.532
slice_00663,run_037,georgia,13,4.24
slice_00664,run_037,georgia,14,4.337
slice_00665,run_037,georgia,15,3.612
slice_00666,run_037,georgia,16,4.603
slice_00667,run_037,georgia,17,4.708
slice_00668,run_038,georgia,1,4.736
slice_00669,run_038,georgia,2,4.269
slice_00670,run_038,georgia,3,4.698
slice_00671,run_038,georgia,4,3.027
slice_00672,run_038,georgia,5,3.832
slice_00673,run_038,georgia,6,3.549
slice_00674,run_038,georgia,7,4.057
slice_00675,run_038,georgia,8,3.702
slice_00676,run_038,georgia,9,3.91
slice_00677,run_038,georgia,10,4.965
slice_00678,run_038,georgia,11,3.909
slice_00679,run_038,georgia,12,4.209
slice_00680,run_038,georgia,13,3.876
slice_00681,run_038,georgia,14,4.035
slice_00682,run_038,georgia,15,3.999
slice_00683,run_038,georgia,16,4.227
slice_00684,run_038,georgia,17,4.596
slice_00685,run_039,georgia,1,4.873
slice_00686,run_039,georgia,2,4.11
slice_00687,run_039,georgia,3,4.27
slice_00688,run_039,georgia,4,3.278
slice_00689,run_039,georgia,5,3.884
slice_00690,run_039,georgia,6,4.47
slice_00691,run_039,georgia,7,4.428
slice_00692,run_039,georgia,8,4.055
slice_00693,run_039,georgia,9,4.439
slice_00694,run_039,georgia,10,4.214
slice_00695,run_039,georgia,11,4.618
slice_00696,run_039,georgia,12,4.099
slice_00697,run_039,georgia,13,3.731
slice_00698,run_039,georgia,14,4.125
slice_00699,run_039,georgia,15,2.263
slice_00700,run_039,georgia,16,4.152
slice_00701,run_039,georgia,17,1.853
slice_00702,run_039,georgia,18,2.951
slice_00703,run_039,georgia,19,4.191
slice_00704,run_039,georgia,20,4.206
slice_00705,run_040,georgia,1,3.349
slice_00706,run_040,georgia,2,3.609
slice_00707,run_040,georgia,3,4.812
slice_00708,run_040,georgia,4,3.74
slice_00709,run_040,georgia,5,5.315
slice_00710,run_040,georgia,6,4.019
slice_00711,run_040,georgia,7,4.256
slice_00712,run_040,georgia,8,4.954
slice_00713,run_040,georgia,9,4.096
slice_00714,run_040,georgia,10,3.441
slice_00715,run_040,georgia,11,3.957
slice_00716,run_040,georgia,12,3.999
slice_00717,run_040,georgia,13,3.232
slice_00718,run_040,georgia,14,3.872
slice_00719,run_040,georgia,15,3.591
slice_00720,run_041,georgia,1,4.639
slice_00721,run_041,georgia,2,4.086
slice_00722,run_041,georgia,3,3.889
slice_00723,run_041,georgia,4,3.999
slice_00724,run_041,georgia,5,4.204
slice_00725,run_041,georgia,6,4.448
slice_00726,run_041,georgia,7,3.444
slice_00727,run_041,georgia,8,3.418
slice_00728,run_041,georgia,9,4.752
slice_00729,run_041,georgia,10,3.809
slice_00730,run_041,georgia,11,3.184
slice_00731,run_041,georgia,12,4.341
slice_00732,run_041,georgia,13,4.353
slice_00733,run_041,georgia,14,3.114
slice_00734,run_041,georgia,15,4.208
slice_00735,run_041,georgia,16,4.522
slice_00736,run_041,georgia,17,4.298
slice_00737,run_042,georgia,1,4.4
slice_00738,run_042,georgia,2,3.229
slice_00739,run_042,georgia,3,4.227
slice_00740,run_042,georgia,4,3.863
slice_00741,run_042,georgia,5,3.759
slice_00742,run_042,georgia,6,4.538
slice_00743,run_042,georgia,7,4.888
slice_00744,run_042,georgia,8,5.069
slice_00745,run_042,georgia,9,4.793
slice_00746,run_042,georgia,10,3.974
slice_00747,run_042,georgia,11,4.24
slice_00748,run_042,georgia,12,4.478
slice_00749,run_042,georgia,13,4.107
slice_00750,run_042,georgia,14,4.112
slice_00751,run_042,georgia,15,4.511
slice_00752,run_042,georgia,16,4.003
slice_00753,run_043,georgia,1,3.498
slice_00754,run_043,georgia,2,3.694
slice_00755,run_043,georgia,3,4.347
slice_00756,run_043,georgia,4,3.954
slice_00757,run_043,georgia,5,4.164
slice_00758,run_043,georgia,6,4.37
slice_00759,run_043,georgia,7,3.719
slice_00760,run_043,georgia,8,4.424
slice_00761,run_043,georgia,9,4.188
slice_00762,run_043,georgia,10,3.183
slice_00763,run_043,georgia,11,4.851
slice_00764,run_043,georgia,12,3.641
slice_00765,run_043,georgia,13,2.922
slice_00766,run_043,georgia,14,3.302
slice_00767,run_043,georgia,15,3.317
slice_00768,run_043,georgia,16,3.985
slice_00769,run_043,georgia,17,3.782
slice_00770,run_043,georgia,18,3.743
slice_00771,run_043,georgia,19,4.338
slice_00772,run_044,georgia,1,4.216
slice_00773,run_044,georgia,2,4.204
slice_00774,run_044,georgia,3,4.252
slice_00775,run_044,georgia,4,4.357
slice_00776,run_044,georgia,5,2.963
slice_00777,run_044,georgia,6,3.855
slice_00778,run_044,georgia,7,2.926
slice_00779,run_044,georgia,8,4.06
slice_00780,run_044,georgia,9,4.04
slice_00781,run_044,georgia,10,4.577
slice_00782,run_044,georgia,11,4.65
slice_00783,run_044,georgia,12,4.146
slice_00784,run_044,georgia,13,3.786
slice_00785,run_044,georgia,14,4.29
slice_00786,run_044,georgia,15,3.772
slice_00787,run_044,georgia,16,4.041
slice_00788,run_045,georgia,1,4.606
slice_00789,run_045,georgia,2,3.676
slice_00790,run_045,georgia,3,4.497
slice_00791,run_045,georgia,4,4.42
slice_00792,run_045,georgia,5,3.437
slice_00793,run_045,georgia,6,4.599
slice_00794,run_045,georgia,7,4.433
slice_00795,run_045,georgia,8,4.073
slice_00796,run_045,georgia,9,3.553
slice_00797,run_045,georgia,10,3.494
slice_00798,run_045,georgia,11,3.688
slice_00799,run_045,georgia,12,4.339
slice_00800,run_045,georgia,13,3.436
slice_00801,run_045,georgia,14,4.275
slice_00802,run_045,georgia,15,3.264
slice_00803,run_045,georgia,16,3.889
slice_00804,run_045,georgia,17,4.078
slice_00805,run_045,georgia,18,5.485
slice_00806,run_045,georgia,19,3.182
slice_00807,run_046,georgia,1,4.893
slice_00808,run_046,georgia,2,4.026
slice_00809,run_046,georgia,3,4.197
slice_00810,run_046,georgia,4,4.005
slice_00811,run_046,georgia,5,4.219
slice_00812,run_046,georgia,6,3.827
slice_00813,run_046,georgia,7,4.881
slice_00814,run_046,georgia,8,3.628
slice_00815,run_046,georgia,9,4.67
slice_00816,run_046,georgia,10,3.505
slice_00817,run_046,georgia,11,3.888
slice_00818,run_046,georgia,12,3.225
slice_00819,run_046,georgia,13,4.226
slice_00820,run_046,georgia,14,4.875
slice_00821,run_046,georgia,15,3.877
slice_00822,run_046,georgia,16,3.799
slice_00823,run_047,georgia,1,3.285
slice_00824,run_047,georgia,2,3.862
slice_00825,run_047,georgia,3,2.974
slice_00826,run_047,georgia,4,3.417
slice_00827,run_047,georgia,5,4.159
slice_00828,run_047,georgia,6,4.871
slice_00829,run_047,georgia,7,5.843
slice_00830,run_047,georgia,8,3.629
slice_00831,run_047,georgia,9,4.947
slice_00832,run_047,georgia,10,4.17
slice_00833,run_047,georgia,11,3.913
slice_00834,run_047,georgia,12,4.294
slice_00835,run_047,georgia,13,4.052
slice_00836,run_047,georgia,14,4.084
slice_00837,run_047,georgia,15,3.746
slice_00838,run_047,georgia,16,3.1
slice_00839,run_047,georgia,17,3.006
slice_00840,run_048,georgia,1,4.492
slice_00841,run_048,georgia,2,3.906
slice_00842,run_048,georgia,3,3.704
slice_00843,run_048,georgia,4,4.085
slice_00844,run_048,georgia,5,4.582
slice_00845,run_048,georgia,6,4.194
slice_00846,run_048,georgia,7,3.666
slice_00847,run_048,georgia,8,4.854
slice_00848,run_048,georgia,9,5.076
slice_00849,run_048,georgia,10,4.392
slice_00850,run_048,georgia,11,4.694
slice_00851,run_048,georgia,12,4.864
slice_00852,run_048,georgia,13,4.793
slice_00853,run_048,georgia,14,4.467
slice_00854,run_048,georgia,15,4.458
slice_00855,run_048,georgia,16,4.408
slice_00856,run_048,georgia,17,3.388
slice_00857,run_048,georgia,18,4.522
slice_00858,run_048,georgia,19,3.225
slice_00859,run_049,georgia,1,3.478
slice_00860,run_049,georgia,2,4.879
slice_00861,run_049,georgia,3,4.57
slice_00862,run_049,georgia,4,5.002
slice_00863,run_049,georgia,5,3.828
slice_00864,run_049,georgia,6,3.24
slice_00865,run_049,georgia,7,3.848
slice_00866,run_049,georgia,8,4.077
slice_00867,run_049,georgia,9,4.062
slice_00868,run_049,georgia,10,4.766
slice_00869,run_049,georgia,11,3.768
slice_00870,run_049,georgia,12,4.244
slice_00871,run_049,georgia,13,3.349
slice_00872,run_049,georgia,14,4.31
slice_00873,run_049,georgia,15,4.011
slice_00874,run_049,georgia,16,3.508
slice_00875,run_049,georgia,17,3.852
slice_00876,run_049,georgia,18,3.886
slice_00877,run_050,georgia,1,3.874
slice_00878,run_050,georgia,2,5.338
slice_00879,run_050,georgia,3,3.997
slice_00880,run_050,georgia,4,3.893
slice_00881,run_050,georgia,5,2.564
slice_00882,run_050,georgia,6,3.427
slice_00883,run_050,georgia,7,3.879
slice_00884,run_050,georgia,8,3.576
slice_00885,run_050,georgia,9,5.058
slice_00886,run_050,georgia,10,3.95
slice_00887,run_050,georgia,11,4.992
slice_00888,run_050,georgia,12,4.112
slice_00889,run_050,georgia,13,4.095
slice_00890,run_050,georgia,14,4.004
slice_00891,run_050,georgia,15,4.071
slice_00892,run_051,alice,1,5.199
slice_00893,run_051,alice,2,2.554
slice_00894,run_051,alice,3,2.762
slice_00895,run_051,alice,4,3.717
slice_00896,run_051,alice,5,4.083
slice_00897,run_051,alice,6,4.525
slice_00898,run_051,alice,7,4.383
slice_00899,run_051,alice,8,3.822
slice_00900,run_051,alice,9,4.741
slice_00901,run_051,alice,10,4.748
slice_00902,run_051,alice,11,4.194
slice_00903,run_051,alice,12,4.704
slice_00904,run_051,alice,13,4.252
slice_00905,run_051,alice,14,3.705
slice_00906,run_051,alice,15,4.53
slice_00907,run_051,alice,16,4.146
slice_00908,run_051,alice,17,4.074
slice_00909,run_051,alice,18,5.038
slice_00910,run_052,alice,1,2.312
slice_00911,run_052,alice,2,3.01
slice_00912,run_052,alice,3,3.166
slice_00913,run_052,alice,4,3.722
slice_00914,run_052,alice,5,3.796
slice_00915,run_052,alice,6,2.949
slice_00916,run_052,alice,7,3.302
slice_00917,run_052,alice,8,3.386
slice_00918,run_052,alice,9,5.629
slice_00919,run_052,alice,10,5.186
slice_00920,run_052,alice,11,3.69
slice_00921,run_052,alice,12,3.722
slice_00922,run_052,alice,13,3.191
slice_00923,run_052,alice,14,2.678
slice_00924,run_052,alice,15,3.889
slice_00925,run_053,alice,1,3.132
slice_00926,run_053,alice,2,3.863
slice_00927,run_053,alice,3,2.65
slice_00928,run_053,alice,4,3.321
slice_00929,run_053,alice,5,4.05
slice_00930,run_053,alice,6,4.224
slice_00931,run_053,alice,7,4.265
slice_00932,run_053,alice,8,2.874
slice_00933,run_053,alice,9,4.616
slice_00934,run_053,alice,10,3.29
slice_00935,run_053,alice,11,4.438
slice_00936,run_053,alice,12,3.923
slice_00937,run_053,alice,13,2.829
slice_00938,run_053,alice,14,3.678
slice_00939,run_053,alice,15,4.224
slice_00940,run_053,alice,16,4.422
slice_00941,run_053,alice,17,3.818
slice_00942,run_053,alice,18,5.158
slice_00943,run_053,alice,19,4.738
slice_00944,run_053,alice,20,3.726
slice_00945,run_054,alice,1,4.463
slice_00946,run_054,alice,2,5.212
slice_00947,run_054,alice,3,5.229
slice_00948,run_054,alice,4,3.212
slice_00949,run_054,alice,5,3.403
slice_00950,run_054,alice,6,4.928
slice_00951,run_054,alice,7,3.32
slice_00952,run_054,alice,8,3.153
slice_00953,run_054,alice,9,3.681
slice_00954,run_054,alice,10,4.255
slice_00955,run_054,alice,11,3.924
slice_00956,run_054,alice,12,3.578
slice_00957,run_054,alice,13,3.563
slice_00958,run_054,alice,14,3.538
slice_00959,run_054,alice,15,3.433
slice_00960,run_054,alice,16,5.432
slice_00961,run_054,alice,17,4.177
slice_00962,run_054,alice,18,4.55
slice_00963,run_055,alice,1,3.616
slice_00964,run_055,alice,2,3.864
slice_00965,run_055,alice,3,3.433
slice_00966,run_055,alice,4,1.849
slice_00967,run_055,alice,5,2.89
slice_00968,run_055,alice,6,2.536
slice_00969,run_055,alice,7,2.177
slice_00970,run_055,alice,8,3.039
slice_00971,run_055,alice,9,5.098
slice_00972,run_055,alice,10,3.979
slice_00973,run_055,alice,11,5.07
slice_00974,run_055,alice,12,4.351
slice_00975,run_055,alice,13,4.655
slice_00976,run_055,alice,14,3.28
slice_00977,run_055,alice,15,4.444
slice_00978,run_055,alice,16,4.611
slice_00979,run_055,alice,17,3.545
slice_00980,run_056,alice,1,4.65
slice_00981,run_056,alice,2,4.656
slice_00982,run_056,alice,3,3.56
slice_00983,run_056,alice,4,2.996
slice_00984,run_056,alice,5,2.936
slice_00985,run_056,alice,6,4.185
slice_00986,run_056,alice,7,4.421
slice_00987,run_056,alice,8,3.321
slice_00988,run_056,alice,9,4.126
slice_00989,run_056,alice,10,4.661
slice_00990,run_056,alice,11,4.708
slice_00991,run_056,alice,12,5.626
slice_00992,run_056,alice,13,5.355
slice_00993,run_056,alice,14,3.115
slice_00994,run_056,alice,15,5.755
slice_00995,run_056,alice,16,3.578
slice_00996,run_056,alice,17,5.127
slice_00997,run_057,alice,1,3.99
slice_00998,run_057,alice,2,3.712
slice_00999,run_057,alice,3,2.903
slice_01000,run_057,alice,4,3.851
slice_01001,run_057,alice,5,3.047
slice_01002,run_057,alice,6,4.511
slice_01003,run_057,alice,7,4.829
slice_01004,run_057,alice,8,3.489
slice_01005,run_057,alice,9,4.125
slice_01006,run_057,alice,10,3.53
slice_01007,run_057,alice,11,3.586
slice_01008,run_057,alice,12,4.399
slice_01009,run_057,alice,13,3.928
slice_01010,run_057,alice,14,4.959
slice_01011,run_057,alice,15,3.671
slice_01012,run_057,alice,16,4.53
slice_01013,run_057,alice,17,4.007
slice_01014,run_058,alice,1,4.558
slice_01015,run_058,alice,2,3.707
slice_01016,run_058,alice,3,3.979
slice_01017,run_058,alice,4,3.934
slice_01018,run_058,alice,5,3.441
slice_01019,run_058,alice,6,4.467
slice_01020,run_058,alice,7,4.459
slice_01021,run_058,alice,8,4.42
slice_01022,run_058,alice,9,5.066
slice_01023,run_058,alice,10,5.006
slice_01024,run_058,alice,11,3.757
slice_01025,run_058,alice,12,4.269
slice_01026,run_058,alice,13,3.586
slice_01027,run_058,alice,14,4.029
slice_01028,run_058,alice,15,3.603
slice_01029,run_058,alice,16,5.123
slice_01030,run_058,alice,17,4.263
slice_01031,run_058,alice,18,3.864
slice_01032,run_058,alice,19,4.831
slice_01033,run_058,alice,20,2.527
slice_01034,run_059,alice,1,2.482
slice_01035,run_059,alice,2,4.557
slice_01036,run_059,alice,3,4.014
slice_01037,run_059,alice,4,4.154
slice_01038,run_059,alice,5,2.99
slice_01039,run_059,alice,6,3.952
slice_01040,run_059,alice,7,5.449
slice_01041,run_059,alice,8,4.578
slice_01042,run_059,alice,9,4.095
slice_01043,run_059,alice,10,3.645
slice_01044,run_059,alice,11,3.678
slice_01045,run_059,alice,12,2.396
slice_01046,run_059,alice,13,4.16
slice_01047,run_059,alice,14,4.594
slice_01048,run_059,alice,15,2.805
slice_01049,run_059,alice,16,3.481
slice_01050,run_059,alice,17,3.114
slice_01051,run_059,alice,18,3.256
slice_01052,run_060,alice,1,4.094
slice_01053,run_060,alice,2,2.464
slice_01054,run_060,alice,3,4.522
slice_01055,run_060,alice,4,4.628
slice_01056,run_060,alice,5,3.862
slice_01057,run_060,alice,6,2.162
slice_01058,run_060,alice,7,3.293
slice_01059,run_060,alice,8,4.993
slice_01060,run_060,alice,9,1.935
slice_01061,run_060,alice,10,3.788
slice_01062,run_060,alice,11,3.153
slice_01063,run_060,alice,12,4.667
slice_01064,run_060,alice,13,3.538
slice_01065,run_060,alice,14,4.361
slice_01066,run_060,alice,15,4.484
slice_01067,run_060,alice,16,5.454
slice_01068,run_060,alice,17,3.899
slice_01069,run_060,alice,18,4.34
slice_01070,run_061,alice,1,3.033
slice_01071,run_061,alice,2,4.682
slice_01072,run_061,alice,3,3.48
slice_01073,run_061,alice,4,3.603
slice_01074,run_061,alice,5,3.935
slice_01075,run_061,alice,6,2.985
slice_01076,run_061,alice,7,4.089
slice_01077,run_061,alice,8,4.544
slice_01078,run_061,alice,9,4.129
slice_01079,run_061,alice,10,2.969
slice_01080,run_061,alice,11,3.872
slice_01081,run_061,alice,12,4.405
slice_01082,run_061,alice,13,2.791
slice_01083,run_061,alice,14,3.286
slice_01084,run_061,alice,15,4.488
slice_01085,run_061,alice,16,4.115
slice_01086,run_061,alice,17,4.202
slice_01087,run_061,alice,18,5.094
slice_01088,run_062,alice,1,4.325
slice_01089,run_062,alice,2,4.466
slice_01090,run_062,alice,3,5.997
slice_01091,run_062,alice,4,3.816
slice_01092,run_062,alice,5,3.381
slice_01093,run_062,alice,6,4.295
slice_01094,run_062,alice,7,4.303
slice_01095,run_062,alice,8,3.583
slice_01096,run_062,alice,9,3.206
slice_01097,run_062,alice,10,5.698
slice_01098,run_062,alice,11,4.219
slice_01099,run_062,alice,12,3.43
slice_01100,run_062,alice,13,4.659
slice_01101,run_062,alice,14,3.894
slice_01102,run_062,alice,15,3.787
slice_01103,run_063,alice,1,4.472
slice_01104,run_063,alice,2,2.936
slice_01105,run_063,alice,3,4.299
slice_01106,run_063,alice,4,5.592
slice_01107,run_063,alice,5,4.393
slice_01108,run_063,alice,6,3.695
slice_01109,run_063,alice,7,3.586
slice_01110,run_063,alice,8,3.666
slice_01111,run_063,alice,9,3.796
slice_01112,run_063,alice,10,3.693
slice_01113,run_063,alice,11,4.766
slice_01114,run_063,alice,12,2.57
slice_01115,run_063,alice,13,4.721
slice_01116,run_063,alice,14,3.692
slice_01117,run_063,alice,15,4.319
slice_01118,run_063,alice,16,3.073
slice_01119,run_063,alice,17,5.107
slice_01120,run_063,alice,18,5.039
slice_01121,run_063,alice,19,4.802
slice_01122,run_064,alice,1,2.983
slice_01123,run_064,alice,2,4.518
slice_01124,run_064,alice,3,4.24
slice_01125,run_064,alice,4,2.923
slice_01126,run_064,alice,5,3.959
slice_01127,run_064,alice,6,4.214
slice_01128,run_064,alice,7,4.339
slice_01129,run_064,alice,8,4.091
slice_01130,run_064,alice,9,4.166
slice_01131,run_064,alice,10,4.941
slice_01132,run_064,alice,11,4.778
slice_01133,run_064,alice,12,2.097
slice_01134,run_064,alice,13,3.767
slice_01135,run_064,alice,14,3.867
slice_01136,run_064,alice,15,2.827
slice_01137,run_064,alice,16,4.037
slice_01138,run_064,alice,17,4.793
slice_01139,run_064,alice,18,3.263
slice_01140,run_064,alice,19,4.195
slice_01141,run_065,alice,1,3.121
slice_01142,run_065,alice,2,3.345
slice_01143,run_065,alice,3,5.323
slice_01144,run_065,alice,4,3.464
slice_01145,run_065,alice,5,4.389
slice_01146,run_065,alice,6,2.242
slice_01147,run_065,alice,7,5.678
slice_01148,run_065,alice,8,4.518
slice_01149,run_065,alice,9,3.796
slice_01150,run_065,alice,10,4.493
slice_01151,run_065,alice,11,2.666
slice_01152,run_065,alice,12,5.052
slice_01153,run_065,alice,13,3.666
slice_01154,run_065,alice,14,3.776
slice_01155,run_065,alice,15,3.511
slice_01156,run_065,alice,16,3.429
slice_01157,run_066,alice,1,4.527
slice_01158,run_066,alice,2,4.168
slice_01159,run_066,alice,3,4.491
slice_01160,run_066,alice,4,3.952
slice_01161,run_066,alice,5,4.378
slice_01162,run_066,alice,6,3.617
slice_01163,run_066,alice,7,5.781
slice_01164,run_066,alice,8,2.678
slice_01165,run_066,alice,9,4.989
slice_01166,run_066,alice,10,5.077
slice_01167,run_066,alice,11,3.263
slice_01168,run_066,alice,12,5.78
slice_01169,run_066,alice,13,4.772
slice_01170,run_066,alice,14,4.752
slice_01171,run_066,alice,15,3.982
slice_01172,run_067,alice,1,3.877
slice_01173,run_067,alice,2,3.883
slice_01174,run_067,alice,3,4.352
slice_01175,run_067,alice,4,5.141
slice_01176,run_067,alice,5,4.188
slice_01177,run_067,alice,6,3.335
slice_01178,run_067,alice,7,4.69
slice_01179,run_067,alice,8,4.766
slice_01180,run_067,alice,9,4.558
slice_01181,run_067,alice,10,4.629
slice_01182,run_067,alice,11,3.835
slice_01183,run_067,alice,12,3.321
slice_01184,run_067,alice,13,3.369
slice_01185,run_067,alice,14,2.77
slice_01186,run_067,alice,15,4.232
slice_01187,run_067,alice,16,3.981
slice_01188,run_067,alice,17,3.703
slice_01189,run_067,alice,18,1.739
slice_01190,run_067,alice,19,3.073
slice_01191,run_067,alice,20,4.922
slice_01192,run_068,alice,1,3.496
slice_01193,run_068,alice,2,4.261
slice_01194,run_068,alice,3,2.954
slice_01195,run_068,alice,4,5.067
slice_01196,run_068,alice,5,3.885
slice_01197,run_068,alice,6,4.209
slice_01198,run_068,alice,7,5.729
slice_01199,run_068,alice,8,5.125
slice_01200,run_068,alice,9,3.763
slice_01201,run_068,alice,10,3.549
slice_01202,run_068,alice,11,3.749
slice_01203,run_068,alice,12,4.373
slice_01204,run_068,alice,13,3.914
slice_01205,run_068,alice,14,3.697
slice_01206,run_068,alice,15,5.088
slice_01207,run_068,alice,16,3.907
slice_01208,run_069,alice,1,5.663
slice_01209,run_069,alice,2,4.087
slice_01210,run_069,alice,3,5.296
slice_01211,run_069,alice,4,4.277
slice_01212,run_069,alice,5,4.709
slice_01213,run_069,alice,6,3.505
slice_01214,run_069,alice,7,3.413
slice_01215,run_069,alice,8,4.35
slice_01216,run_069,alice,9,4.728
slice_01217,run_069,alice,10,4.051
slice_01218,run_069,alice,11,3.104
slice_01219,run_069,alice,12,3.052
slice_01220,run_069,alice,13,3.004
slice_01221,run_069,alice,14,2.761
slice_01222,run_069,alice,15,4.1
slice_01223,run_069,alice,16,4.825
slice_01224,run_069,alice,17,4.013
slice_01225,run_069,alice,18,2.409
slice_01226,run_069,alice,19,3.886
slice_01227,run_069,alice,20,3.906
slice_01228,run_070,alice,1,5.296
slice_01229,run_070,alice,2,2.995
slice_01230,run_070,alice,3,3.686
slice_01231,run_070,alice,4,5.044
slice_01232,run_070,alice,5,4.23
slice_01233,run_070,alice,6,4.304
slice_01234,run_070,alice,7,4.013
slice_01235,run_070,alice,8,4.152
slice_01236,run_070,alice,9,4.442
slice_01237,run_070,alice,10,3.414
slice_01238,run_070,alice,11,4.507
slice_01239,run_070,alice,12,3.049
slice_01240,run_070,alice,13,4.151
slice_01241,run_070,alice,14,4.055
slice_01242,run_070,alice,15,3.54
slice_01243,run_070,alice,16,3.924
slice_01244,run_070,alice,17,3.535
slice_01245,run_070,alice,18,3.245
slice_01246,run_070,alice,19,3.71
slice_01247,run_070,alice,20,3.224
slice_01248,run_071,alice,1,4.325
slice_01249,run_071,alice,2,3.202
slice_01250,run_071,alice,3,4.622
slice_01251,run_071,alice,4,3.178
slice_01252,run_071,alice,5,3.647
slice_01253,run_071,alice,6,3.603
slice_01254,run_071,alice,7,5.09
slice_01255,run_071,alice,8,4.331
slice_01256,run_071,alice,9,3.917
slice_01257,run_071,alice,10,4.459
slice_01258,run_071,alice,11,2.472
slice_01259,run_071,alice,12,4.046
slice_01260,run_071,alice,13,5.603
slice_01261,run_071,alice,14,4.18
slice_01262,run_071,alice,15,4.131
slice_01263,run_072,alice,1,4.418
slice_01264,run_072,alice,2,4.686
slice_01265,run_072,alice,3,2.45
slice_01266,run_072,alice,4,2.694
slice_01267,run_072,alice,5,4.157
slice_01268,run_072,alice,6,3.442
slice_01269,run_072,alice,7,5.008
slice_01270,run_072,alice,8,3.75
slice_01271,run_072,alice,9,2.499
slice_01272,run_072,alice,10,3.014
slice_01273,run_072,alice,11,1.869
slice_01274,run_072,alice,12,3.813
slice_01275,run_072,alice,13,3.848
slice_01276,run_072,alice,14,3.666
slice_01277,run_072,alice,15,4.828
slice_01278,run_072,alice,16,4.92
slice_01279,run_072,alice,17,3.862
slice_01280,run_072,alice,18,2.344
slice_01281,run_072,alice,19,4.471
slice_01282,run_072,alice,20,4.423
slice_01283,run_073,alice,1,4.233
slice_01284,run_073,alice,2,4.715
slice_01285,run_073,alice,3,3.176
slice_01286,run_073,alice,4,5.451
slice_01287,run_073,alice,5,3.323
slice_01288,run_073,alice,6,4.548
slice_01289,run_073,alice,7,2.801
slice_01290,run_073,alice,8,3.344
slice_01291,run_073,alice,9,5.098
slice_01292,run_073,alice,10,3.824
slice_01293,run_073,alice,11,4.613
slice_01294,run_073,alice,12,4.181
slice_01295,run_073,alice,13,3.936
slice_01296,run_073,alice,14,4.989
slice_01297,run_073,alice,15,3.841
slice_01298,run_073,alice,16,2.734
slice_01299,run_073,alice,17,3.435
slice_01300,run_074,alice,1,4.488
slice_01301,run_074,alice,2,4.366
slice_01302,run_074,alice,3,2.826
slice_01303,run_074,alice,4,3.487
slice_01304,run_074,alice,5,3.599
slice_01305,run_074,alice,6,3.769
slice_01306,run_074,alice,7,2.976
slice_01307,run_074,alice,8,3.562
slice_01308,run_074,alice,9,3.484
slice_01309,run_074,alice,10,4.66
slice_01310,run_074,alice,11,4.69
slice_01311,run_074,alice,12,3.941
slice_01312,run_074,alice,13,3.748
slice_01313,run_074,alice,14,4.165
slice_01314,run_074,alice,15,3.415
slice_01315,run_074,alice,16,3.156
slice_01316,run_075,alice,1,3.396
slice_01317,run_075,alice,2,3.595
slice_01318,run_075,alice,3,3.251
slice_01319,run_075,alice,4,4.115
slice_01320,run_075,alice,5,4.485
slice_01321,run_075,alice,6,2.974
slice_01322,run_075,alice,7,4.026
slice_01323,run_075,alice,8,3.866
slice_01324,run_075,alice,9,4.232
slice_01325,run_075,alice,10,4.001
slice_01326,run_075,alice,11,3.061
slice_01327,run_075,alice,12,3.186
slice_01328,run_075,alice,13,4.028
slice_01329,run_075,alice,14,4.68
slice_01330,run_075,alice,15,2.565
slice_01331,run_075,alice,16,4.235
slice_01332,run_075,alice,17,4.785
slice_01333,run_075,alice,18,3.909
slice_01334,run_075,alice,19,4.368
slice_01335,run_076,tori,1,3.241
slice_01336,run_076,tori,2,3.814
slice_01337,run_076,tori,3,2.34
slice_01338,run_076,tori,4,1.629
slice_01339,run_076,tori,5,4.857
slice_01340,run_076,tori,6,2.964
slice_01341,run_076,tori,7,3.484
slice_01342,run_076,tori,8,2.57
slice_01343,run_076,tori,9,2.547
slice_01344,run_076,tori,10,3.761
slice_01345,run_076,tori,11,3.215
slice_01346,run_076,tori,12,4.303
slice_01347,run_076,tori,13,4.376
slice_01348,run_076,tori,14,4.247
slice_01349,run_076,tori,15,4.166
slice_01350,run_076,tori,16,5.481
slice_01351,run_076,tori,17,2.883
slice_01352,run_076,tori,18,3.878
slice_01353,run_076,tori,19,5.044
slice_01354,run_077,tori,1,5.027
slice_01355,run_077,tori,2,2.826
slice_01356,run_077,tori,3,3.735
slice_01357,run_077,tori,4,5.104
slice_01358,run_077,tori,5,4.407
slice_01359,run_077,tori,6,4.151
slice_01360,run_077,tori,7,3.813
slice_01361,run_077,tori,8,3.677
slice_01362,run_077,tori,9,4.227
slice_01363,run_077,tori,10,3.784
slice_01364,run_077,tori,11,3.956
slice_01365,run_077,tori,12,4.055
slice_01366,run_077,tori,13,3.435
slice_01367,run_077,tori,14,4.427
slice_01368,run_077,tori,15,6.379
slice_01369,run_078,tori,1,2.72
slice_01370,run_078,tori,2,4.32
slice_01371,run_078,tori,3,3.494
slice_01372,run_078,tori,4,4.513
slice_01373,run_078,tori,5,4.109
slice_01374,run_078,tori,6,4.653
slice_01375,run_078,tori,7,4.968
slice_01376,run_078,tori,8,4.22
slice_01377,run_078,tori,9,4.935
slice_01378,run_078,tori,10,2.288
slice_01379,run_078,tori,11,5.284
slice_01380,run_078,tori,12,4.359
slice_01381,run_078,tori,13,4.894
slice_01382,run_078,tori,14,3.144
slice_01383,run_078,tori,15,3.44
slice_01384,run_078,tori,16,4.184
slice_01385,run_078,tori,17,4.06
slice_01386,run_078,tori,18,4.289
slice_01387,run_078,tori,19,4.899
slice_01388,run_079,tori,1,2.587
slice_01389,run_079,tori,2,4.829
slice_01390,run_079,tori,3,4.039
slice_01391,run_079,tori,4,3.865
slice_01392,run_079,tori,5,2.828
slice_01393,run_079,tori,6,4.444
slice_01394,run_079,tori,7,2.056
slice_01395,run_079,tori,8,4.563
slice_01396,run_079,tori,9,2.811
slice_01397,run_079,tori,10,4.076
slice_01398,run_079,tori,11,3.935
slice_01399,run_079,tori,12,4.989
slice_01400,run_079,tori,13,3.886
slice_01401,run_079,tori,14,3.464
slice_01402,run_079,tori,15,3.618
slice_01403,run_079,tori,16,5.074
slice_01404,run_080,tori,1,4.449
slice_01405,run_080,tori,2,3.677
slice_01406,run_080,tori,3,3.802
slice_01407,run_080,tori,4,2.688
slice_01408,run_080,tori,5,4.325
slice_01409,run_080,tori,6,2.527
slice_01410,run_080,tori,7,4.629
slice_01411,run_080,tori,8,4.107
slice_01412,run_080,tori,9,5.997
slice_01413,run_080,tori,10,3.079
slice_01414,run_080,tori,11,3.914
slice_01415,run_080,tori,12,5.505
slice_01416,run_080,tori,13,4.997
slice_01417,run_080,tori,14,3.417
slice_01418,run_080,tori,15,4.187
slice_01419,run_080,tori,16,4.001
slice_01420,run_081,tori,1,4.312
slice_01421,run_081,tori,2,3.471
slice_01422,run_081,tori,3,3.994
slice_01423,run_081,tori,4,2.7
slice_01424,run_081,tori,5,4.186
slice_01425,run_081,tori,6,4.456
slice_01426,run_081,tori,7,3.875
slice_01427,run_081,tori,8,2.686
slice_01428,run_081,tori,9,4.918
slice_01429,run_081,tori,10,4.383
slice_01430,run_081,tori,11,3.448
slice_01431,run_081,tori,12,3.83
slice_01432,run_081,tori,13,2.784
slice_01433,run_081,tori,14,3.191
slice_01434,run_081,tori,15,3.609
slice_01435,run_081,tori,16,5.123
slice_01436,run_081,tori,17,3.522
slice_01437,run_081,tori,18,4.619
slice_01438,run_081,tori,19,3.609
slice_01439,run_081,tori,20,4.283
slice_01440,run_082,tori,1,3.935
slice_01441,run_082,tori,2,4.631
slice_01442,run_082,tori,3,3.665
slice_01443,run_082,tori,4,2.953
slice_01444,run_082,tori,5,3.084
slice_01445,run_082,tori,6,3.667
slice_01446,run_082,tori,7,3.175
slice_01447,run_082,tori,8,4.314
slice_01448,run_082,tori,9,3.713
slice_01449,run_082,tori,10,5.661
slice_01450,run_082,tori,11,2.84
slice_01451,run_082,tori,12,4.172
slice_01452,run_082,tori,13,3.258
slice_01453,run_082,tori,14,3.694
slice_01454,run_082,tori,15,4.129
slice_01455,run_083,tori,1,2.208
slice_01456,run_083,tori,2,4.136
slice_01457,run_083,tori,3,5.39
slice_01458,run_083,tori,4,3.617
slice_01459,run_083,tori,5,4.153
slice_01460,run_083,tori,6,4.729
slice_01461,run_083,tori,7,3.834
slice_01462,run_083,tori,8,3.521
slice_01463,run_083,tori,9,2.245
slice_01464,run_083,tori,10,4.44
slice_01465,run_083,tori,11,3.873
slice_01466,run_083,tori,12,3.196
slice_01467,run_083,tori,13,4.053
slice_01468,run_083,tori,14,3.519
slice_01469,run_083,tori,15,3.56
slice_01470,run_083,tori,16,4.414
slice_01471,run_084,tori,1,2.854
slice_01472,run_084,tori,2,4.818
slice_01473,run_084,tori,3,2.805
slice_01474,run_084,tori,4,3.411
slice_01475,run_084,tori,5,5.539
slice_01476,run_084,tori,6,4.884
slice_01477,run_084,tori,7,4.036
slice_01478,run_084,tori,8,3.182
slice_01479,run_084,tori,9,3.52
slice_01480,run_084,tori,10,4.016
slice_01481,run_084,tori,11,3.987
slice_01482,run_084,tori,12,3.881
slice_01483,run_084,tori,13,3.931
slice_01484,run_084,tori,14,3.78
slice_01485,run_084,tori,15,2.769
slice_01486,run_084,tori,16,3.531
slice_01487,run_084,tori,17,4.709
slice_01488,run_084,tori,18,2.83
slice_01489,run_085,tori,1,3.772
slice_01490,run_085,tori,2,3.235
slice_01491,run_085,tori,3,4.029
slice_01492,run_085,tori,4,3.602
slice_01493,run_085,tori,5,5.193
slice_01494,run_085,tori,6,4.366
slice_01495,run_085,tori,7,2.815
slice_01496,run_085,tori,8,4.506
slice_01497,run_085,tori,9,3.273
slice_01498,run_085,tori,10,3.442
slice_01499,run_085,tori,11,4.201
slice_01500,run_085,tori,12,3.514
slice_01501,run_085,tori,13,4.695
slice_01502,run_085,tori,14,3.273
slice_01503,run_085,tori,15,3.406
slice_01504,run_086,tori,1,3.435
slice_01505,run_086,tori,2,3.51
slice_01506,run_086,tori,3,4.881
slice_01507,run_086,tori,4,4.494
slice_01508,run_086,tori,5,5.384
slice_01509,run_086,tori,6,5.844
slice_01510,run_086,tori,7,3.127
slice_01511,run_086,tori,8,4.034
slice_01512,run_086,tori,9,3.007
slice_01513,run_086,tori,10,3.335
slice_01514,run_086,tori,11,3.457
slice_01515,run_086,tori,12,3.105
slice_01516,run_086,tori,13,3.109
slice_01517,run_086,tori,14,3.857
slice_01518,run_086,tori,15,2.973
slice_01519,run_086,tori,16,4.67
slice_01520,run_086,tori,17,3.22
slice_01521,run_086,tori,18,6.29
slice_01522,run_086,tori,19,3.604
slice_01523,run_087,tori,1,4.096
slice_01524,run_087,tori,2,2.787
slice_01525,run_087,tori,3,5.66
slice_01526,run_087,tori,4,5.098
slice_01527,run_087,tori,5,4.311
slice_01528,run_087,tori,6,2.738
slice_01529,run_087,tori,7,4.229
slice_01530,run_087,tori,8,2.954
slice_01531,run_087,tori,9,5.426
slice_01532,run_087,tori,10,4.801
slice_01533,run_087,tori,11,4.118
slice_01534,run_087,tori,12,1.695
slice_01535,run_087,tori,13,3.086
slice_01536,run_087,tori,14,4.685
slice_01537,run_087,tori,15,5.188
slice_01538,run_088,tori,1,4.873
slice_01539,run_088,tori,2,2.728
slice_01540,run_088,tori,3,4.232
slice_01541,run_088,tori,4,4.799
slice_01542,run_088,tori,5,2.675
slice_01543,run_088,tori,6,3.986
slice_01544,run_088,tori,7,4.21
slice_01545,run_088,tori,8,3.753
slice_01546,run_088,tori,9,2.521
slice_01547,run_088,tori,10,3.734
slice_01548,run_088,tori,11,3.732
slice_01549,run_088,tori,12,3.875
slice_01550,run_088,tori,13,3.545
slice_01551,run_088,tori,14,3.64
slice_01552,run_088,tori,15,3.961
slice_01553,run_088,tori,16,4.344
slice_01554,run_088,tori,17,3.75
slice_01555,run_089,tori,1,3.658
slice_01556,run_089,tori,2,4.092
slice_01557,run_089,tori,3,2.352
slice_01558,run_089,tori,4,4.424
slice_01559,run_089,tori,5,4.012
slice_01560,run_089,tori,6,4.046
slice_01561,run_089,tori,7,4.842
slice_01562,run_089,tori,8,2.325
slice_01563,run_089,tori,9,2.306
slice_01564,run_089,tori,10,4.249
slice_01565,run_089,tori,11,4.006
slice_01566,run_089,tori,12,4.159
slice_01567,run_089,tori,13,3.613
slice_01568,run_089,tori,14,4.586
slice_01569,run_089,tori,15,4.818
slice_01570,run_089,tori,16,4.43
slice_01571,run_089,tori,17,3.787
slice_01572,run_090,tori,1,2.139
slice_01573,run_090,tori,2,4.605
slice_01574,run_090,tori,3,4.993
slice_01575,run_090,tori,4,4.498
slice_01576,run_090,tori,5,3.192
slice_01577,run_090,tori,6,4.523
slice_01578,run_090,tori,7,4.683
slice_01579,run_090,tori,8,5.282
slice_01580,run_090,tori,9,3.195
slice_01581,run_090,tori,10,3.752
slice_01582,run_090,tori,11,4.586
slice_01583,run_090,tori,12,3.995
slice_01584,run_090,tori,13,2.988
slice_01585,run_090,tori,14,4.301
slice_01586,run_090,tori,15,4.442
slice_01587,run_091,tori,1,4.214
slice_01588,run_091,tori,2,4.345
slice_01589,run_091,tori,3,3.867
slice_01590,run_091,tori,4,5.604
slice_01591,run_091,tori,5,3.225
slice_01592,run_091,tori,6,3.538
slice_01593,run_091,tori,7,4.137
slice_01594,run_091,tori,8,5.005
slice_01595,run_091,tori,9,2.628
slice_01596,run_091,tori,10,2.815
slice_01597,run_091,tori,11,2.088
slice_01598,run_091,tori,12,4.159
slice_01599,run_091,tori,13,3.007
slice_01600,run_091,tori,14,3.741
slice_01601,run_091,tori,15,4.787
slice_01602,run_091,tori,16,3.484
slice_01603,run_091,tori,17,4.357
slice_01604,run_091,tori,18,3.826
slice_01605,run_091,tori,19,4.798
slice_01606,run_092,tori,1,4.35
slice_01607,run_092,tori,2,3.385
slice_01608,run_092,tori,3,3.818
slice_01609,run_092,tori,4,4.821
slice_01610,run_092,tori,5,4.283
slice_01611,run_092,tori,6,2.802
slice_01612,run_092,tori,7,4.5
slice_01613,run_092,tori,8,3.06
slice_01614,run_092,tori,9,5.125
slice_01615,run_092,tori,10,4.804
slice_01616,run_092,tori,11,4.197
slice_01617,run_092,tori,12,4.087
slice_01618,run_092,tori,13,3.784
slice_01619,run_092,tori,14,4.518
slice_01620,run_092,tori,15,3.651
slice_01621,run_092,tori,16,4.152
slice_01622,run_092,tori,17,4.678
slice_01623,run_093,tori,1,3.479
slice_01624,run_093,tori,2,3.431
slice_01625,run_093,tori,3,2.925
slice_01626,run_093,tori,4,3.039
slice_01627,run_093,tori,5,2.37
slice_01628,run_093,tori,6,4.609
slice_01629,run_093,tori,7,5.554
slice_01630,run_093,tori,8,5.218
slice_01631,run_093,tori,9,2.547
slice_01632,run_093,tori,10,4.605
slice_01633,run_093,tori,11,5.215
slice_01634,run_093,tori,12,3.571
slice_01635,run_093,tori,13,4.059
slice_01636,run_093,tori,14,2.213
slice_01637,run_093,tori,15,4.204
slice_01638,run_093,tori,16,3.04
slice_01639,run_093,tori,17,4.145
slice_01640,run_094,tori,1,2.824
slice_01641,run_094,tori,2,4.49
slice_01642,run_094,tori,3,4.871
slice_01643,run_094,tori,4,3.44
slice_01644,run_094,tori,5,3.16
slice_01645,run_094,tori,6,2.353
slice_01646,run_094,tori,7,3.849
slice_01647,run_094,tori,8,3.6
slice_01648,run_094,tori,9,2.832
slice_01649,run_094,tori,10,4.419
slice_01650,run_094,tori,11,3.704
slice_01651,run_094,tori,12,3.209
slice_01652,run_094,tori,13,3.621
slice_01653,run_094,tori,14,4.908
slice_01654,run_094,tori,15,4.538
slice_01655,run_094,tori,16,3.957
slice_01656,run_094,tori,17,4.55
slice_01657,run_095,tori,1,2.921
slice_01658,run_095,tori,2,3.92
slice_01659,run_095,tori,3,4.016
slice_01660,run_095,tori,4,3.499
slice_01661,run_095,tori,5,4.257
slice_01662,run_095,tori,6,3.239
slice_01663,run_095,tori,7,4.319
slice_01664,run_095,tori,8,4.355
slice_01665,run_095,tori,9,1.451
slice_01666,run_095,tori,10,4.889
slice_01667,run_095,tori,11,1.342
slice_01668,run_095,tori,12,3.377
slice_01669,run_095,tori,13,4.751
slice_01670,run_095,tori,14,3.627
slice_01671,run_095,tori,15,2.665
slice_01672,run_095,tori,16,2.977
slice_01673,run_096,tori,1,4.776
slice_01674,run_096,tori,2,2.395
slice_01675,run_096,tori,3,4.859
slice_01676,run_096,tori,4,3.902
slice_01677,run_096,tori,5,2.984
slice_01678,run_096,tori,6,3.476
slice_01679,run_096,tori,7,3.125
slice_01680,run_096,tori,8,4.646
slice_01681,run_096,tori,9,4.538
slice_01682,run_096,tori,10,2.558
slice_01683,run_096,tori,11,3.621
slice_01684,run_096,tori,12,3.25
slice_01685,run_096,tori,13,4.992
slice_01686,run_096,tori,14,2.856
slice_01687,run_096,tori,15,5.243
slice_01688,run_096,tori,16,3.92
slice_01689,run_096,tori,17,3.008
slice_01690,run_096,tori,18,3.4
slice_01691,run_096,tori,19,3.299
slice_01692,run_097,tori,1,2.982
slice_01693,run_097,tori,2,4.136
slice_01694,run_097,tori,3,3.022
slice_01695,run_097,tori,4,2.219
slice_01696,run_097,tori,5,3.736
slice_01697,run_097,tori,6,2.537
slice_01698,run_097,tori,7,3.423
slice_01699,run_097,tori,8,3.29
slice_01700,run_097,tori,9,3.322
slice_01701,run_097,tori,10,5.742
slice_01702,run_097,tori,11,4.104
slice_01703,run_097,tori,12,4.263
slice_01704,run_097,tori,13,2.56
slice_01705,run_097,tori,14,3.505
slice_01706,run_097,tori,15,4.238
slice_01707,run_098,tori,1,3.162
slice_01708,run_098,tori,2,4.577
slice_01709,run_098,tori,3,3.031
slice_01710,run_098,tori,4,3.702
slice_01711,run_098,tori,5,3.483
slice_01712,run_098,tori,6,4.033
slice_01713,run_098,tori,7,3.443
slice_01714,run_098,tori,8,3.714
slice_01715,run_098,tori,9,3.739
slice_01716,run_098,tori,10,3.374
slice_01717,run_098,tori,11,4.268
slice_01718,run_098,tori,12,4.087
slice_01719,run_098,tori,13,3.847
slice_01720,run_098,tori,14,3.597
slice_01721,run_098,tori,15,4.496
slice_01722,run_098,tori,16,3.739
slice_01723,run_098,tori,17,3.687
slice_01724,run_099,tori,1,4.015
slice_01725,run_099,tori,2,5.229
slice_01726,run_099,tori,3,2.914
slice_01727,run_099,tori,4,4.522
slice_01728,run_099,tori,5,2.493
slice_01729,run_099,tori,6,4.101
slice_01730,run_099,tori,7,5.136
slice_01731,run_099,tori,8,4.308
slice_01732,run_099,tori,9,4.066
slice_01733,run_099,tori,10,3.508
slice_01734,run_099,tori,11,3.959
slice_01735,run_099,tori,12,3.743
slice_01736,run_099,tori,13,3.337
slice_01737,run_099,tori,14,3.715
slice_01738,run_099,tori,15,4.087
slice_01739,run_099,tori,16,3.351
slice_01740,run_099,tori,17,3.321
slice_01741,run_099,tori,18,2.899
slice_01742,run_100,tori,1,4.515
slice_01743,run_100,tori,2,4.682
slice_01744,run_100,tori,3,4.343
slice_01745,run_100,tori,4,5.137
slice_01746,run_100,tori,5,4.187
slice_01747,run_100,tori,6,4.516
slice_01748,run_100,tori,7,4.421
slice_01749,run_100,tori,8,3.993
slice_01750,run_100,tori,9,3.517
slice_01751,run_100,tori,10,6.488
slice_01752,run_100,tori,11,3.603
slice_01753,run_100,tori,12,3.371
slice_01754,run_100,tori,13,4.562
slice_01755,run_100,tori,14,4.364
slice_01756,run_100,tori,15,2.571
slice_01757,run_100,tori,16,5.307
